sys,t_res,s_res,tr,ta,total_time
Vanilla,hour,0.25,0.5164148807525635,15.832652807235718,16.34906768798828
Vanilla,hour,0.25,0.09656381607055664,12.271901845932007,12.368465662002563
Vanilla,hour,0.25,0.09447097778320312,17.30021595954895,17.394686937332153
