sys,t_res,s_res,filter_value,tr,ta,total_time
Polaris,hour,0.25,240,0.10693097114562988,0,0.10693097114562988
Polaris,hour,0.25,275,7.546438217163086,0,7.546438217163086
Polaris,hour,0.25,275,4.126972198486328,0,4.126972198486328
Polaris,hour,0.25,310,6.144468784332275,0,6.144468784332275
Polaris,hour,0.25,310,0.1034860610961914,0,0.1034860610961914
Polaris,hour,0.25,205,0.10656595230102539,0,0.10656595230102539
Polaris,hour,0.25,205,0.1067657470703125,0,0.1067657470703125
Polaris,hour,0.25,205,0.10635042190551758,0,0.10635042190551758
